name,birth,debut,career
호세,1965-05-02,1999,4
송진우,1966-02-16,1989,21
김동수,1968-10-27,1990,20
다카쓰,1968-11-25,2008,1
전준호,1969-02-15,1991,19
양준혁,1969-05-26,1993,18
페레즈,1969-06-04,2003,3
장원진,1969-06-15,1992,15
구대성,1969-08-02,1993,13
가득염,1969-10-01,1992,19
안경현,1970-02-13,1992,19
정민태,1970-03-01,1992,15
김정민,1970-03-15,1993,16
서튼,1970-05-14,2005,3
마해영,1970-08-14,1995,14
이종범,1970-08-15,1993,16
이숭용,1971-03-10,1994,18
조웅천,1971-03-17,1990,19
최향남,1971-03-28,1990,15
최상덕,1971-03-31,1994,15
조원우,1971-04-08,1994,15
이상목,1971-04-25,1990,17
페타지니,1971-06-02,2008,2
김인철,1971-07-14,1990,7
하리칼라,1971-07-15,2005,3
김태균,1971-08-19,1994,14
최동수,1971-09-11,1994,19
류택현,1971-10-23,1994,20
김한수,1971-10-30,1994,14
권준헌,1971-12-01,2000,8
김종훈,1972-01-29,1994,14
로마노,1972-03-03,2007,1
카브레라,1972-03-24,2004,4
정민철,1972-03-28,1992,16
문동환,1972-05-08,1997,10
최경환,1972-05-12,2000,10
전상렬,1972-06-12,1992,16
김원형,1972-07-05,1991,20
박경완,1972-07-11,1991,23
박석진,1972-07-19,1995,13
조경환,1972-08-27,1998,10
김재걸,1972-09-07,1995,13
로드리게스,1972-09-09,2007,1
박현승,1972-09-12,1995,13
리마,1972-09-30,2008,1
리오스,1972-10-13,2007,1
심재학,1972-10-18,1995,14
리오스,1972-11-11,2002,6
쿠비얀,1972-11-15,2008,1
김민재,1973-01-03,1991,19
레스,1973-01-10,2001,4
이종열,1973-01-28,1991,18
크루즈,1973-01-28,2007,2
안상준,1973-02-13,1995,13
송지만,1973-03-02,1996,18
니코스키,1973-03-09,2009,2
카도쿠라,1973-03-09,2009,3
최원호,1973-03-13,1996,14
염종석,1973-03-20,1992,16
전병호,1973-03-23,1996,12
서한규,1973-03-28,1998,9
조성민,1973-04-05,2005,3
김대익,1973-06-03,1996,12
홍원기,1973-06-05,1996,12
김민범,1973-06-07,1994,10
최기문,1973-06-10,1996,13
발데스,1973-06-29,2007,1
박찬호,1973-06-30,2012,1
김창희,1973-07-03,1997,13
박종호,1973-07-27,1992,17
박재홍,1973-09-07,1996,17
김종국,1973-09-14,1996,14
코르테스,1973-10-15,2008,1
코리,1973-10-21,2011,1
이영우,1973-11-27,1996,13
이재주,1973-12-25,1992,17
박연수,1974-01-14,1999,10
정경배,1974-02-20,1996,14
최만호,1974-03-04,1997,12
강동우,1974-04-20,1998,15
브룸바,1974-04-21,2003,5
진갑용,1974-05-08,1997,19
최영필,1974-05-13,1997,20
이경필,1974-05-21,1997,8
이대진,1974-06-09,1993,17
백재호,1974-06-30,1997,11
강혁,1974-08-25,1999,7
안재만,1974-10-02,1997,12
오상민,1974-10-20,1997,15
오카모토,1974-10-21,2010,1
이병규,1974-10-25,1997,17
매클레리,1974-10-26,2008,1
레이번,1974-11-22,2007,2
레이,1974-11-27,2008,1
장문석,1974-12-15,1997,10
손민한,1975-01-02,1997,15
김영수,1975-01-15,1997,11
김해님,1975-02-07,1997,8
손인호,1975-04-03,1998,13
전준호,1975-04-10,1995,14
박지철,1975-04-13,1994,14
로페즈,1975-04-21,2009,4
심정수,1975-05-05,1994,15
윤재국,1975-05-05,1998,10
캘러웨이,1975-05-13,2005,3
신윤호,1975-05-15,1995,14
이도형,1975-05-24,1994,15
조인성,1975-05-25,1998,20
얀,1975-06-22,2008,1
데이비스,1975-06-25,2008,1
조진호,1975-08-16,2003,3
김우석,1975-09-02,2002,7
나이트,1975-10-01,2009,6
김재현,1975-10-02,1994,16
존슨,1975-10-03,2003,3
채종국,1975-10-24,1999,9
가르시아,1975-10-29,2008,4
김경태,1975-11-06,1998,10
신경현,1975-11-28,1998,13
임경완,1975-12-28,1998,16
김동주,1976-02-03,1998,16
이호준,1976-02-08,1996,21
주형광,1976-03-01,1994,14
김승관,1976-03-05,1995,12
클락,1976-03-05,2008,3
임재철,1976-04-08,1999,15
박정진,1976-05-27,1999,16
임창용,1976-06-04,1995,18
매존,1976-07-26,2007,1
윌슨,1976-08-06,2007,1
이승엽,1976-08-18,1995,15
이승호,1976-08-23,1999,13
한규식,1976-09-14,1999,7
에서튼,1976-10-17,2007,1
왈론드,1976-11-07,2005,2
황두성,1976-11-16,1999,11
권용관,1976-11-19,1996,19
박진만,1976-11-30,1996,20
글로버,1976-12-03,2009,3
김경진,1976-12-21,1999,7
오버뮬러,1976-12-22,2008,1
조성환,1976-12-23,1999,13
프록터,1977-01-02,2012,1
연지,1977-01-05,2009,1
바우어,1977-01-10,2009,1
구톰슨,1977-01-11,2009,1
정수근,1977-01-20,1995,15
유동훈,1977-02-12,1999,11
랜들,1977-02-15,2005,4
홍성흔,1977-02-28,1999,18
송신영,1977-03-01,2001,17
전근표,1977-03-05,2000,10
번사이드,1977-03-15,2010,1
박준수,1977-03-18,2000,10
정원석,1977-03-27,2000,10
브라운,1977-03-31,2006,3
이상열,1977-04-20,1996,17
강병식,1977-04-23,2002,11
옥스프링,1977-05-13,2007,5
김민기,1977-05-19,1997,11
신철인,1977-05-22,2000,9
서재응,1977-05-24,2008,8
김수연,1977-05-28,1996,10
박명환,1977-06-07,1996,17
경헌호,1977-07-25,2000,12
심광호,1977-08-01,1997,13
레이어,1977-08-03,2008,1
이용훈,1977-08-24,2000,11
션,1977-08-28,2008,1
애킨스,1977-08-30,2009,1
김선우,1977-09-04,2008,7
윤형진,1977-09-13,2000,7
이정훈,1977-10-09,1997,19
장성호,1977-10-18,1996,20
양현석,1977-10-20,2000,6
토마스,1977-10-22,2008,2
박정환,1977-10-23,2000,12
김상훈,1977-10-27,2000,15
채종범,1977-12-03,2000,8
정성훈,1977-12-09,1997,8
강봉규,1978-01-12,2000,15
홍세완,1978-01-16,2000,10
최길성,1978-02-06,2000,6
세드릭,1978-02-10,2007,1
레딩,1978-02-12,2010,1
최승환,1978-02-25,2000,11
정수성,1978-03-04,1998,14
오태근,1978-04-05,2003,7
발데스,1978-05-20,2008,1
김재구,1978-05-31,2002,4
스캇,1978-06-25,2014,1
김일경,1978-07-01,1999,13
매그레인,1978-07-23,2011,1
신명철,1978-08-06,2001,14
고든,1978-08-16,2011,2
왓슨,1978-09-05,2009,1
지승민,1978-09-12,2001,7
부첵,1978-10-24,2011,1
정대현,1978-11-10,2001,16
손지환,1978-11-13,1997,14
정현욱,1978-12-02,1998,15
김원섭,1978-12-18,2001,15
김병현,1979-01-19,2012,4
권윤민,1979-01-22,2007,1
박한이,1979-01-28,2001,19
안치용,1979-02-23,2002,12
이정민,1979-03-02,2002,13
이혜천,1979-03-12,1998,15
마정길,1979-03-13,2002,13
최희섭,1979-03-16,2007,8
조용준,1979-03-17,2002,5
김민우,1979-03-21,2002,12
김진수,1979-04-19,1998,6
박용택,1979-04-21,2002,20
유재웅,1979-05-20,2002,8
이대환,1979-05-28,2002,10
이승학,1979-06-02,2007,2
임동규,1979-06-03,2003,4
정성기,1979-06-08,2013,1
알드리지,1979-06-13,2011,1
이재영,1979-06-13,2002,12
현재윤,1979-07-08,2002,10
서승화,1979-07-13,2002,7
강철민,1979-07-22,2002,6
밴헤켄,1979-07-31,2012,6
강귀태,1979-08-12,2002,11
홀튼,1979-08-12,2014,1
콜론,1979-08-13,2010,1
권오원,1979-08-16,2002,5
김수경,1979-08-20,1998,15
스코비,1979-09-01,2007,2
김재현,1979-09-07,1998,7
김용우,1979-09-12,2002,6
추승우,1979-09-24,2002,11
김문수,1979-09-30,2003,4
유먼,1979-10-11,2012,4
에니스,1979-10-17,2008,1
부시,1979-11-09,2012,1
이동현,1979-11-15,2004,6
라미레즈,1979-11-24,2012,1
채상병,1979-12-18,2002,9
허일상,1979-12-21,2002,4
정재훈,1980-01-01,2003,14
조재호,1980-01-10,2002,9
이재우,1980-02-09,2001,13
김일엽,1980-02-15,2008,6
이현곤,1980-02-21,2002,12
한나한,1980-03-04,2015,1
권오준,1980-03-09,2003,17
고동진,1980-04-01,2004,10
김태영,1980-04-07,2001,11
로티노,1980-04-07,2014,1
김사율,1980-04-17,1999,18
에르난데스,1980-04-27,2009,1
김형철,1980-05-26,2003,8
한상훈,1980-06-03,2003,11
정종수,1980-06-08,2003,2
이진영,1980-06-15,1999,20
이종욱,1980-06-18,2006,13
구자운,1980-06-19,1999,8
정성훈,1980-06-27,1999,20
송승준,1980-06-29,2007,14
모건,1980-07-02,2015,1
이택근,1980-07-10,2003,17
봉중근,1980-07-15,2007,10
디아즈,1980-07-27,2008,1
윤경영,1980-08-12,2004,3
이영욱,1980-08-13,2005,7
김광삼,1980-08-15,1999,11
최경철,1980-08-15,2004,11
바티스타,1980-08-23,2011,3
정보명,1980-08-23,2003,9
이상화,1980-09-15,2004,6
손시헌,1980-10-19,2003,15
강명구,1980-10-25,2003,10
히메네스,1980-10-27,2010,1
이인구,1980-11-07,2003,9
김상현,1980-11-12,2001,14
문용민,1980-12-06,2003,3
가코,1981-01-02,2011,1
김성배,1981-01-12,2004,12
카페얀,1981-01-13,2010,1
차일목,1981-01-26,2003,14
이양기,1981-01-31,2003,11
심수창,1981-02-09,2004,15
권도영,1981-02-11,2007,4
김승회,1981-02-11,2003,14
정재복,1981-02-13,2003,9
부에노,1981-03-05,2010,1
박진환,1981-03-10,2004,4
조영민,1981-03-11,2004,5
조동화,1981-03-22,2001,14
김주찬,1981-03-25,2000,19
김건한,1981-03-26,2001,14
김희걸,1981-03-26,2014,1
용덕한,1981-04-09,2004,11
장준관,1981-04-14,2000,6
션헨,1981-04-23,2012,1
배영수,1981-05-04,2000,18
김광수,1981-05-05,2000,14
니퍼트,1981-05-06,2011,8
이동학,1981-05-06,2003,8
정재훈,1981-05-06,2006,2
이영수,1981-05-09,2005,3
민경수,1981-05-19,2004,5
마일영,1981-05-28,2000,14
박기혁,1981-06-04,2000,17
강영식,1981-06-17,2000,18
엄정욱,1981-06-18,2000,11
유한준,1981-07-01,2005,15
크루세타,1981-07-04,2009,2
더마트레,1981-07-12,2010,1
곽동훈,1981-07-13,2008,3
허준,1981-07-20,2005,9
박정권,1981-07-21,2004,14
박기남,1981-08-14,2004,10
이대수,1981-08-21,2002,17
마야,1981-08-28,2014,2
이성우,1981-09-01,2008,14
오윤,1981-09-08,2005,9
이승호,1981-09-09,2000,13
조규수,1981-09-15,2000,7
송현우,1981-09-16,2004,5
김태완,1981-09-19,2004,11
윤성환,1981-10-08,2004,15
이정식,1981-11-02,2004,11
이범호,1981-11-25,2000,19
디아즈,1981-12-10,2009,1
박준서,1981-12-11,2001,15
서정호,1981-12-24,2004,4
이동훈,1981-12-25,2005,5
김성태,1982-01-03,2002,8
배스,1982-01-06,2012,1
서민욱,1982-01-09,2005,3
칸투,1982-01-30,2014,1
이윤학,1982-02-25,2002,2
손승락,1982-03-04,2005,12
김동건,1982-03-07,2001,8
라이트,1982-03-13,2010,1
신재웅,1982-03-28,2005,12
윤요섭,1982-03-30,2008,10
박정배,1982-04-01,2005,13
제춘모,1982-04-05,2002,8
박종윤,1982-04-11,2002,12
김덕윤,1982-04-21,2001,6
채병용,1982-04-25,2002,15
이정호,1982-04-27,2001,6
이우민,1982-05-04,2001,15
히메네스,1982-05-07,2014,1
장민석,1982-05-09,2008,10
최훈락,1982-05-12,2005,6
백준영,1982-05-18,2006,2
스나이더,1982-05-25,2014,2
김태균,1982-05-29,2001,19
정원,1982-06-01,2001,6
이명우,1982-06-03,2002,14
이대호,1982-06-21,2001,17
송산,1982-07-02,2005,5
손승현,1982-07-08,2005,4
추신수,1982-07-13,2021,2
오승환,1982-07-15,2005,12
페르난도,1982-07-15,2011,1
존슨,1982-07-19,2009,1
박재상,1982-07-20,2001,13
폭스,1982-07-20,2015,1
오재필,1982-07-27,2006,5
저마노,1982-08-06,2011,2
정희상,1982-08-13,2005,3
백승룡,1982-08-16,2005,7
김강민,1982-09-13,2002,21
박성훈,1982-09-19,2005,8
정근우,1982-10-02,2005,16
사도스키,1982-10-04,2010,3
채태인,1982-10-11,2007,14
김백만,1982-10-12,2001,6
주키치,1982-10-17,2011,3
울프,1982-10-18,2014,1
앤서니,1982-10-28,2012,2
트레비스,1982-11-04,2011,1
조영훈,1982-11-12,2005,11
차정민,1982-11-23,2005,5
김경언,1982-12-07,2001,16
조중근,1982-12-20,2003,12
험버,1982-12-21,2015,1
정상호,1982-12-24,2001,18
데폴라,1982-12-31,2010,2
마틴,1983-01-02,2014,1
발디리스,1983-01-05,2016,1
이동현,1983-01-12,2001,15
시스코,1983-01-13,2015,1
김용섭,1983-01-18,2007,2
곽용섭,1983-02-03,2003,4
고효준,1983-02-08,2002,18
최준석,1983-02-15,2002,16
곤잘레스,1983-02-23,2010,1
김진우,1983-03-07,2002,13
장태종,1983-03-08,2006,2
김효남,1983-03-26,2006,5
해커,1983-03-26,2013,6
박도현,1983-04-12,2007,2
박정규,1983-04-17,2007,3
이우선,1983-04-19,2009,6
김기표,1983-04-25,2006,8
황덕균,1983-04-28,2013,4
에반,1983-05-12,2015,1
이경환,1983-05-21,2002,4
정홍준,1983-05-25,2006,3
오넬리,1983-05-26,2011,1
조태수,1983-05-29,2003,8
류제국,1983-05-30,2013,6
문수호,1983-06-04,2004,8
매티스,1983-06-07,2011,1
이승재,1983-06-09,2006,3
장원삼,1983-06-09,2006,15
서성종,1983-06-17,2008,2
송광민,1983-06-24,2006,13
핸킨스,1983-07-01,2013,1
황동채,1983-07-04,2006,8
문규현,1983-07-05,2002,15
박희수,1983-07-13,2006,12
양영동,1983-07-16,2006,4
홍유택,1983-07-16,2007,1
이대형,1983-07-19,2003,17
조동찬,1983-07-27,2002,16
이동걸,1983-08-12,2008,9
신승현,1983-08-13,2000,15
세데뇨,1983-08-19,2009,1
김경선,1983-08-20,2007,2
임세업,1983-09-01,2013,1
안영진,1983-09-03,2011,2
노병오,1983-09-07,2002,5
신용운,1983-09-08,2002,10
연경흠,1983-09-14,2006,6
정민혁,1983-09-14,2007,4
허웅,1983-09-17,2011,3
윤길현,1983-09-23,2002,16
이태호,1983-09-24,2002,6
안지만,1983-10-01,2003,14
오간도,1983-10-05,2017,1
리즈,1983-10-06,2011,3
이병규,1983-10-09,2006,15
이현승,1983-10-11,2006,15
세든,1983-10-13,2013,3
탈보트,1983-10-17,2012,2
올슨,1983-10-18,2013,1
마르테,1983-10-21,2015,2
조순권,1983-10-28,2007,2
카리대,1983-10-28,2013,1
이브랜드,1983-10-29,2013,1
권혁,1983-11-06,2002,18
맥스웰,1983-11-06,2016,1
비야누에바,1983-11-28,2017,1
손주인,1983-12-01,2002,15
배힘찬,1983-12-08,2002,10
류재원,1983-12-13,2006,4
최형우,1983-12-16,2002,17
이한진,1983-12-20,2006,8
피노,1983-12-26,2016,1
신종길,1983-12-31,2003,11
이강서,1984-01-10,2007,1
토마스,1984-01-18,2014,1
양승학,1984-01-20,2004,3
김정환,1984-01-21,2006,2
박용근,1984-01-21,2007,7
김태완,1984-01-27,2006,11
이여상,1984-02-01,2007,9
고영민,1984-02-08,2002,14
신주영,1984-02-15,2003,6
정현석,1984-03-01,2008,8
김준호,1984-03-03,2008,3
노경은,1984-03-11,2003,17
최연오,1984-03-14,2009,1
송은범,1984-03-17,2003,20
지석훈,1984-03-17,2004,16
서동욱,1984-03-21,2003,14
박경수,1984-03-31,2003,18
이승주,1984-04-13,2007,2
강병수,1984-04-16,2009,1
서정,1984-04-16,2007,1
어센시오,1984-05-05,2014,1
로니,1984-05-07,2017,1
티포드,1984-05-15,2014,1
오장훈,1984-05-19,2015,1
이호신,1984-05-19,2007,7
유덕형,1984-05-26,2005,2
김종호,1984-05-31,2011,7
버나디나,1984-06-12,2017,2
나주환,1984-06-14,2003,17
김이슬,1984-06-15,2007,3
박정준,1984-06-26,2003,11
노환수,1984-06-30,2005,5
피가로,1984-07-07,2015,1
이성열,1984-07-13,2004,18
대니돈,1984-07-20,2016,2
오준형,1984-07-21,2007,5
김대우,1984-07-26,2009,6
김휘곤,1984-07-28,2003,2
윤규진,1984-07-28,2003,15
허도환,1984-07-31,2007,13
정재원,1984-08-11,2004,12
허프,1984-08-22,2016,2
최진호,1984-08-26,2011,1
이창욱,1984-08-28,2014,2
필,1984-09-09,2014,3
브라운,1984-09-10,2015,1
웨버,1984-09-28,2014,1
임준혁,1984-10-09,2004,13
전병두,1984-10-14,2003,10
고우석,1984-11-03,2003,7
권영진,1984-11-18,2008,3
안영명,1984-11-19,2003,18
레이예스,1984-11-20,2013,2
코엘로,1984-11-23,2016,1
이창석,1984-12-15,2007,1
마리오,1984-12-16,2012,1
하지호,1984-12-16,2009,2
고창성,1984-12-21,2008,9
김연훈,1984-12-23,2007,8
로위,1984-12-26,2016,1
김혜겸,1985-01-05,2005,2
맨쉽,1985-01-16,2017,1
우규민,1985-01-21,2004,17
피에,1985-02-08,2014,1
오재원,1985-02-09,2007,16
이시찬,1985-02-25,2004,9
김진성,1985-03-07,2013,10
정대훈,1985-03-08,2008,6
이성호,1985-03-09,2010,1
안태영,1985-03-15,2013,2
김재호,1985-03-21,2004,17
송창식,1985-03-25,2004,13
김수형,1985-03-27,2008,2
박진영,1985-03-27,2008,1
타투스코,1985-03-27,2014,1
오주원,1985-03-31,2004,16
김동영,1985-04-02,2007,3
박건우,1985-04-06,2010,3
가르시아,1985-04-12,2018,1
양지훈,1985-04-15,2009,1
이명환,1985-04-26,2013,1
조정훈,1985-05-03,2005,8
모창민,1985-05-08,2008,13
이상훈,1985-05-10,2011,1
아두치,1985-05-15,2015,2
윤희상,1985-05-17,2004,13
최대성,1985-05-17,2004,11
나지완,1985-05-19,2008,15
밴덴헐크,1985-05-22,2013,2
김성계,1985-05-23,2012,1
정우람,1985-06-01,2004,17
루카스,1985-06-03,2015,1
이희근,1985-06-07,2008,5
황목치승,1985-06-21,2014,4
박석민,1985-06-22,2004,17
임성헌,1985-06-22,2008,3
마에스트리,1985-07-01,2016,1
이원희,1985-07-15,2004,4
오현택,1985-07-17,2009,10
이정동,1985-07-17,2009,1
임훈,1985-07-17,2004,10
김지성,1985-07-20,2012,7
소사,1985-07-28,2012,8
장원준,1985-07-31,2004,17
김정혁,1985-08-03,2011,5
최현종,1985-08-05,2008,1
조평호,1985-08-07,2006,9
로저스,1985-08-14,2015,3
최진행,1985-08-17,2004,15
강민호,1985-08-18,2004,19
박노민,1985-08-18,2004,10
김용의,1985-08-20,2008,11
박근홍,1985-08-22,2005,12
피어밴드,1985-08-22,2015,4
임창민,1985-08-25,2009,12
이용규,1985-08-26,2004,18
최용규,1985-08-31,2008,4
윤석민,1985-09-04,2004,14
임도현,1985-09-06,2008,3
김강석,1985-09-08,2009,2
김동호,1985-09-10,2016,2
스와잭,1985-09-10,2015,1
오현근,1985-09-12,2008,6
한윤섭,1985-09-12,2008,4
김다원,1985-09-17,2010,5
로맥,1985-09-30,2017,5
워스,1985-09-30,2017,1
김창훈,1985-10-03,2004,6
강승현,1985-10-06,2013,5
앨버스,1985-10-06,2014,1
김준,1985-10-08,2008,5
이영욱,1985-10-11,2008,9
찰리,1985-10-25,2013,3
오성민,1985-11-06,2007,2
빌로우,1985-11-15,2013,1
이성재,1985-11-20,2008,1
조현근,1985-11-21,2005,9
김회성,1985-12-04,2009,10
김주형,1985-12-15,2004,13
허준혁,1985-12-15,2004,10
이범석,1985-12-29,2005,4
손정훈,1986-01-14,2009,1
김동현,1986-01-22,2008,2
플란데,1986-01-27,2016,1
장진용,1986-01-28,2004,7
에반스,1986-01-30,2016,2
밴와트,1986-02-14,2014,3
지훈,1986-02-22,2009,1
전준우,1986-02-25,2008,14
이지영,1986-02-27,2009,12
허승민,1986-02-28,2008,3
곽정철,1986-03-14,2007,6
김정수,1986-03-15,2007,1
이태원,1986-03-17,2013,2
차화준,1986-03-20,2005,6
모넬,1986-03-27,2017,1
서동환,1986-03-27,2005,8
김용호,1986-03-29,2011,1
김종민,1986-03-30,2015,5
김회권,1986-04-10,2006,4
황재규,1986-04-16,2009,5
김선규,1986-04-20,2005,9
이보근,1986-04-30,2005,15
김유신,1986-05-01,2006,4
윤근영,1986-05-07,2005,11
이종환,1986-05-08,2010,7
반즈,1986-05-15,2020,1
배우열,1986-05-19,2009,6
리오단,1986-05-25,2014,1
이왕기,1986-05-28,2005,3
양훈,1986-05-29,2005,11
유희관,1986-06-01,2009,11
루츠,1986-06-03,2015,1
권영준,1986-06-04,2012,1
벨레스터,1986-06-06,2016,1
유용목,1986-06-10,2007,3
유원상,1986-06-17,2007,15
윤진호,1986-06-23,2009,9
원용묵,1986-06-25,2006,6
진해수,1986-06-26,2006,15
배영섭,1986-06-27,2010,9
박성호,1986-07-04,2009,5
전현태,1986-07-09,2005,8
박병호,1986-07-10,2005,14
반슬라이크,1986-07-24,2018,1
윤석민,1986-07-24,2005,12
정의윤,1986-07-25,2005,15
러프,1986-07-28,2017,3
다이아몬드,1986-07-30,2017,1
유선정,1986-08-21,2007,6
김지수,1986-08-23,2009,9
보우덴,1986-09-09,2016,2
김하람,1986-09-11,2007,1
여건욱,1986-09-16,2009,7
박현준,1986-09-22,2009,3
볼스테드,1986-09-23,2014,1
로메로,1986-09-24,2015,1
스튜어트,1986-09-28,2015,2
오정복,1986-10-13,2009,8
이규대,1986-10-20,2011,1
이원석,1986-10-21,2005,17
오재일,1986-10-29,2005,15
이지모,1986-10-30,2013,1
금민철,1986-11-07,2005,14
테임즈,1986-11-10,2014,3
조쉬벨,1986-11-13,2014,1
허유강,1986-11-16,2009,4
황수범,1986-11-17,2017,2
홍성용,1986-11-18,2014,5
김정남,1986-11-22,2009,2
전유수,1986-11-29,2005,15
장태성,1986-12-15,2010,1
맥그레거,1986-12-19,2016,1
최병연,1986-12-21,2015,3
안동현,1986-12-24,2011,1
강병우,1986-12-26,2010,1
박헌도,1987-01-01,2011,8
모상기,1987-01-03,2008,5
김명제,1987-01-05,2005,5
노바,1987-01-12,2022,1
홍명찬,1987-01-19,2006,6
권덕준,1987-01-20,2007,1
헥터,1987-01-26,2016,3
신정익,1987-02-04,2012,2
정회찬,1987-02-07,2011,3
구본범,1987-02-08,2014,2
황선일,1987-02-17,2006,6
페게로,1987-02-22,2019,1
어윈,1987-02-25,2015,1
최정,1987-02-28,2005,18
김동길,1987-03-01,2010,2
김성현,1987-03-09,2006,15
민병헌,1987-03-10,2006,15
이상백,1987-03-10,2014,1
이창섭,1987-03-10,2010,4
박진원,1987-03-17,2011,1
신창호,1987-03-18,2006,5
류현진,1987-03-25,2006,7
정범모,1987-03-26,2006,13
최윤석,1987-03-28,2010,8
데스파이네,1987-04-04,2020,3
강정호,1987-04-05,2006,9
나승현,1987-04-06,2006,5
손용석,1987-04-13,2006,8
양승진,1987-04-19,2008,5
손영민,1987-04-28,2006,8
최원재,1987-04-29,2010,5
한기주,1987-04-29,2006,9
이상훈,1987-05-04,2010,6
김기현,1987-05-09,2009,3
홍재호,1987-05-10,2010,8
김기태,1987-05-11,2006,9
이해창,1987-05-11,2011,9
신정락,1987-05-13,2010,11
임진우,1987-05-13,2010,4
클로이드,1987-05-16,2015,1
변용선,1987-05-17,2010,2
김정훈,1987-05-23,2011,3
김혁민,1987-05-24,2007,8
차우찬,1987-05-31,2006,16
양의지,1987-06-05,2007,14
린드블럼,1987-06-15,2015,5
김사훈,1987-06-18,2012,7
김문호,1987-06-22,2006,13
배장호,1987-06-25,2006,11
댄블랙,1987-07-02,2015,1
프리드릭,1987-07-08,2019,1
백정현,1987-07-13,2007,15
임한용,1987-07-15,2010,2
서캠프,1987-07-16,2016,1
정훈,1987-07-18,2010,13
김종찬,1987-07-22,2013,1
박민주,1987-07-23,2007,1
황재균,1987-07-28,2007,15
원종현,1987-07-31,2014,8
남윤성,1987-08-04,2018,1
김세현,1987-08-07,2007,14
스미스,1987-08-07,2021,1
해즐베이커,1987-08-14,2019,1
오설리반,1987-09-01,2017,1
박경태,1987-09-02,2008,9
이준호,1987-09-07,2011,3
김진곤,1987-09-10,2015,5
스크럭스,1987-09-23,2017,2
헤일,1987-09-27,2018,1
김태훈,1987-09-28,2011,1
샌즈,1987-09-28,2018,2
듀브론트,1987-10-23,2018,1
장종덕,1987-10-29,2010,1
조용훈,1987-10-29,2007,3
나바로,1987-10-31,2014,2
장시환,1987-11-01,2007,15
신현철,1987-11-02,2011,5
김재현,1987-11-07,2007,11
문광은,1987-11-09,2010,9
이경우,1987-11-09,2012,3
아델만,1987-11-13,2018,1
백인식,1987-11-19,2013,6
백청훈,1987-11-19,2020,1
유재신,1987-11-21,2008,10
신해수,1987-11-30,2010,1
아담,1987-12-09,2013,1
로드리게스,1987-12-13,2013,1
코프랜드,1987-12-15,2016,1
애디튼,1987-12-16,2017,1
이명기,1987-12-26,2008,13
김상수,1988-01-02,2008,14
백상원,1988-01-02,2013,6
나성용,1988-01-05,2011,4
최승준,1988-01-11,2006,10
김현수,1988-01-12,2006,15
히메네스,1988-01-18,2015,3
김현우,1988-01-21,2010,6
김건국,1988-02-02,2007,5
이민재,1988-02-05,2012,2
조성우,1988-02-08,2013,2
브리검,1988-02-10,2017,5
클레이,1988-02-15,2014,1
김지용,1988-02-20,2010,8
이재원,1988-02-24,2006,16
최주환,1988-02-28,2006,15
양현종,1988-03-01,2007,15
이상화,1988-03-01,2009,9
고메즈,1988-03-05,2016,1
박윤,1988-03-07,2011,6
이희성,1988-03-09,2012,1
윤지웅,1988-03-11,2011,7
스틴슨,1988-03-14,2015,1
임익준,1988-03-15,2010,7
이두환,1988-03-16,2007,2
정태승,1988-03-17,2013,4
손아섭,1988-03-18,2007,16
정병곤,1988-03-23,2011,5
김명성,1988-04-08,2011,4
장필준,1988-04-08,2015,8
안규영,1988-04-12,2011,5
김주현,1988-04-16,2008,5
임태준,1988-04-23,2014,1
페르난데스,1988-04-27,2019,4
채선관,1988-05-03,2016,1
이용호,1988-05-07,2015,3
김남형,1988-05-08,2007,3
백창수,1988-05-09,2010,8
최영진,1988-05-10,2012,10
윤정우,1988-05-12,2011,4
보어,1988-05-28,2021,1
이준수,1988-06-17,2012,5
김동명,1988-06-24,2007,7
김동한,1988-06-24,2012,7
레일리,1988-06-29,2015,5
송주호,1988-07-11,2013,4
김광현,1988-07-22,2007,13
지재옥,1988-07-24,2012,3
윤기호,1988-07-28,2008,6
최종인,1988-08-02,2007,2
김사연,1988-08-09,2015,4
후랭코프,1988-08-27,2018,2
김강률,1988-08-28,2008,12
레온,1988-09-06,2016,1
한성구,1988-09-14,2012,1
김재환,1988-09-22,2008,12
김정후,1988-09-26,2018,3
임태훈,1988-09-28,2007,8
마리몬,1988-09-30,2016,1
정진호,1988-10-02,2011,9
켈리,1988-10-14,2015,4
김강,1988-10-16,2007,4
이천웅,1988-10-20,2012,9
임치영,1988-10-29,2012,3
김헌곤,1988-11-09,2011,10
정영일,1988-11-16,2016,6
김대우,1988-11-21,2011,10
이재곤,1988-11-24,2010,5
파레디스,1988-11-25,2018,1
스트레일리,1988-12-01,2020,3
이원재,1988-12-01,2007,5
이승우,1988-12-08,2009,2
김민성,1988-12-17,2007,16
라라,1988-12-20,2016,1
임현준,1988-12-21,2011,9
루친스키,1988-12-30,2019,4
이용찬,1989-01-02,2008,14
이윤재,1989-01-02,2018,1
김성현,1989-01-03,2008,4
미란다,1989-01-10,2021,2
고종욱,1989-01-11,2011,10
김재율,1989-01-14,2011,6
명재철,1989-01-17,2011,2
최원제,1989-02-04,2008,4
이상호,1989-02-05,2013,9
스몰린스키,1989-02-09,2019,1
황진수,1989-02-15,2012,8
카스티요,1989-02-19,2016,1
박찬도,1989-02-22,2013,6
로사리오,1989-02-23,2016,2
고영창,1989-02-24,2018,5
김민하,1989-02-25,2011,8
윤해진,1989-02-25,2012,6
채드벨,1989-02-28,2019,2
김주,1989-03-02,2009,1
박시영,1989-03-10,2010,8
김성호,1989-03-14,2012,1
라가레스,1989-03-17,2022,1
전민수,1989-03-18,2008,9
프레이타스,1989-03-18,2021,1
백용환,1989-03-20,2013,10
진명호,1989-03-20,2010,10
신본기,1989-03-21,2012,10
이대은,1989-03-23,2019,3
김영훈,1989-03-24,2012,1
김기현,1989-04-03,2014,2
진야곱,1989-04-11,2008,5
유민상,1989-04-13,2015,7
박정음,1989-04-15,2016,6
김종훈,1989-04-18,2012,2
최금강,1989-04-26,2013,7
이동훈,1989-04-28,2013,1
하준호,1989-04-29,2009,6
박상규,1989-05-02,2013,1
양성우,1989-05-02,2012,7
김상호,1989-05-10,2012,4
뷰캐넌,1989-05-11,2020,3
이흥련,1989-05-16,2014,8
호잉,1989-05-18,2018,4
이원재,1989-05-20,2017,5
팻딘,1989-05-25,2017,2
최병욱,1989-06-02,2014,1
최정민,1989-06-02,2012,8
이형종,1989-06-07,2016,7
알몬테,1989-06-10,2021,1
김경모,1989-06-15,2008,2
윤명준,1989-06-18,2012,9
전우엽,1989-06-20,2008,3
마낙길,1989-06-22,2013,3
맥과이어,1989-06-23,2019,1
김민식,1989-06-28,2015,8
정규창,1989-06-29,2013,1
몽고메리,1989-07-01,2021,1
손형준,1989-07-01,2012,1
윤도경,1989-07-02,2015,1
박민석,1989-07-04,2008,3
윤병호,1989-07-05,2015,4
오선진,1989-07-07,2008,13
노진혁,1989-07-15,2013,9
이범준,1989-07-15,2008,4
홍성민,1989-07-15,2012,9
임준섭,1989-07-16,2013,8
김수완,1989-07-20,2010,6
살라디노,1989-07-20,2020,1
김태우,1989-07-23,2013,3
유창준,1989-07-25,2013,2
요키시,1989-07-29,2019,4
최인영,1989-07-29,2011,1
페트릭,1989-07-29,2017,1
손동욱,1989-08-06,2013,2
한유섬,1989-08-09,2012,10
송창현,1989-08-17,2013,4
서건창,1989-08-22,2008,12
최재훈,1989-08-27,2008,12
임경훈,1989-08-30,2013,1
조윤준,1989-08-30,2012,6
레나도,1989-09-09,2017,1
조용호,1989-09-09,2017,6
지크,1989-09-11,2016,1
민성기,1989-09-12,2019,1
민태호,1989-09-12,2008,6
서상우,1989-09-17,2012,6
모터,1989-09-18,2020,1
최동환,1989-09-19,2009,11
박지훈,1989-09-21,2012,3
윌슨,1989-09-25,2018,3
조성운,1989-10-02,2018,3
나성범,1989-10-03,2013,10
켈리,1989-10-04,2019,4
국해성,1989-10-08,2012,8
수아레즈,1989-10-08,2022,1
최성훈,1989-10-11,2012,8
노성호,1989-10-22,2013,8
김원석,1989-10-29,2016,2
초이스,1989-11-10,2017,2
한희,1989-11-11,2009,4
류원석,1989-11-18,2020,2
신재영,1989-11-18,2016,7
유원석,1989-11-18,2019,1
스탁,1989-11-21,2022,1
피렐라,1989-11-21,2021,2
박상현,1989-11-22,2010,1
문승원,1989-11-28,2012,9
산체스,1989-11-28,2018,2
안정광,1989-11-29,2011,4
우동균,1989-12-03,2008,8
로치,1989-12-14,2017,1
황정립,1989-12-14,2012,2
성의준,1989-12-17,2012,4
김선빈,1989-12-18,2008,14
놀린,1989-12-26,2022,1
김태군,1989-12-30,2008,14
라이트,1990-01-03,2020,1
고영우,1990-01-08,2013,6
고장혁,1990-01-08,2013,6
박세혁,1990-01-09,2012,9
서폴드,1990-01-16,2019,2
장성우,1990-01-17,2009,11
윌랜드,1990-01-21,2019,1
정찬헌,1990-01-26,2008,12
채은성,1990-02-06,2014,9
웹스터,1990-02-10,2016,1
박진우,1990-02-12,2015,5
홍상삼,1990-02-13,2009,13
노진용,1990-02-15,2009,2
강장산,1990-02-16,2015,3
허정협,1990-02-17,2015,7
윤수강,1990-02-22,2020,1
윤여운,1990-02-22,2012,4
조홍석,1990-02-23,2013,5
박해민,1990-02-24,2013,10
김희석,1990-02-25,2014,1
페냐,1990-02-25,2022,1
박상혁,1990-03-07,2016,1
오지환,1990-03-12,2009,14
장민재,1990-03-19,2010,10
김상수,1990-03-23,2009,14
박인성,1990-03-23,2013,1
이성민,1990-03-30,2013,4
정수민,1990-04-01,2016,6
박동원,1990-04-07,2010,11
임종혁,1990-04-07,2013,2
임정호,1990-04-16,2015,7
오수호,1990-04-20,2009,1
정성철,1990-04-21,2009,1
브룩스,1990-04-27,2020,2
윤석주,1990-04-27,2015,1
장영석,1990-05-14,2009,10
조근종,1990-05-16,2017,2
김태훈,1990-05-19,2010,11
문선재,1990-05-20,2010,9
가빌리오,1990-05-22,2021,1
로하스,1990-05-24,2017,4
폰트,1990-05-24,2021,2
전인환,1990-06-04,2016,2
김진형,1990-06-07,2014,3
조승수,1990-06-09,2009,6
구승민,1990-06-12,2014,7
박으뜸,1990-06-14,2013,1
보니야,1990-06-18,2018,1
베렛,1990-06-19,2018,1
고원준,1990-06-23,2010,6
성영훈,1990-06-24,2009,3
가뇽,1990-06-26,2020,1
마티니,1990-06-27,2022,1
서용주,1990-06-30,2013,1
안치홍,1990-07-02,2009,13
이태양,1990-07-03,2012,10
더모디,1990-07-04,2022,1
정용운,1990-07-06,2009,6
터커,1990-07-06,2019,3
백승민,1990-07-09,2018,4
강윤구,1990-07-10,2009,13
윌리엄슨,1990-07-15,2019,1
김동엽,1990-07-24,2016,7
윌슨,1990-07-29,2019,1
최재원,1990-07-30,2013,6
최성민,1990-07-31,2009,3
노수광,1990-08-06,2014,9
번즈,1990-08-07,2017,2
조정원,1990-08-10,2013,3
카펜터,1990-08-22,2021,2
허경민,1990-08-26,2012,11
윤중환,1990-09-07,2011,2
박건우,1990-09-08,2009,11
박민규,1990-09-12,2009,4
김재윤,1990-09-16,2015,8
백동훈,1990-09-16,2013,7
허준혁,1990-09-30,2010,7
이재학,1990-10-04,2010,11
정수빈,1990-10-07,2009,13
윤강민,1990-10-08,2013,5
양종민,1990-10-09,2009,9
고도현,1990-10-13,2013,2
정주현,1990-10-13,2009,11
쿠에바스,1990-10-14,2019,4
신성현,1990-10-19,2015,8
강지광,1990-10-23,2018,4
윤효섭,1990-10-24,2010,1
휠러,1990-10-27,2018,1
하재훈,1990-10-29,2019,3
화이트,1990-10-29,2020,1
이상민,1990-11-04,2013,7
이학주,1990-11-04,2019,4
김선민,1990-11-13,2015,2
구자형,1990-11-30,2015,1
터크먼,1990-12-03,2022,1
김병희,1990-12-06,2019,4
푸이그,1990-12-07,2022,1
이홍구,1990-12-11,2013,6
안성무,1990-12-14,2017,2
정인욱,1990-12-18,2010,10
손정욱,1990-12-24,2013,5
권희동,1990-12-30,2013,9
샘슨,1991-01-06,2018,1
홍영현,1991-01-07,2016,1
박준혁,1991-01-09,2014,5
알테어,1991-01-14,2020,2
김준완,1991-01-20,2013,9
김재민,1991-01-28,2013,2
정형식,1991-01-28,2009,6
박철우,1991-01-29,2015,1
장민익,1991-02-05,2010,6
김경태,1991-02-28,2011,7
김민수,1991-03-02,2014,6
이창진,1991-03-04,2014,7
남태혁,1991-03-13,2016,6
버틀러,1991-03-13,2019,1
문찬종,1991-03-23,2020,2
페레즈,1991-03-26,2021,1
임정우,1991-04-02,2011,8
문상철,1991-04-06,2015,6
이은총,1991-04-16,2015,1
정광운,1991-04-21,2015,1
이정훈,1991-04-27,2012,1
김대유,1991-05-08,2014,6
김창혁,1991-05-17,2018,2
임재현,1991-05-29,2019,1
김학성,1991-06-15,2016,1
헤일리,1991-06-16,2019,1
이인복,1991-06-18,2014,6
안승민,1991-06-21,2010,4
이인행,1991-06-30,2015,4
유경국,1991-07-12,2010,2
최용제,1991-07-12,2016,4
양석환,1991-07-15,2015,7
조셉,1991-07-16,2019,1
정대현,1991-07-19,2010,9
양원혁,1991-07-21,2015,3
황인준,1991-07-23,2018,3
박준태,1991-07-26,2014,7
배민관,1991-07-29,2016,3
문선엽,1991-07-31,2014,2
송민섭,1991-08-02,2015,6
이정담,1991-08-05,2016,1
박종훈,1991-08-13,2011,10
이지찬,1991-08-19,2015,1
김재현,1991-08-30,2014,7
황수현,1991-08-31,2015,1
김선기,1991-09-01,2018,5
베탄코트,1991-09-02,2019,1
심규범,1991-09-04,2014,3
이창열,1991-09-06,2014,4
강한울,1991-09-12,2014,8
임규빈,1991-09-12,2020,2
고영표,1991-09-16,2015,6
심동섭,1991-09-20,2010,9
임규빈,1991-09-21,2019,1
조무근,1991-09-26,2015,6
정상교,1991-10-01,2011,2
김건태,1991-10-02,2010,9
김정훈,1991-10-02,2019,1
플럿코,1991-10-03,2022,1
샘슨,1991-10-07,2020,1
임기준,1991-10-08,2012,6
이영준,1991-10-10,2017,5
박지규,1991-10-12,2015,4
신진호,1991-10-20,2017,2
김응민,1991-10-22,2014,7
김재우,1991-10-22,2010,1
김용주,1991-10-23,2010,5
팔카,1991-10-28,2020,1
아수아헤,1991-11-02,2019,1
킹엄,1991-11-08,2020,3
문성현,1991-11-09,2010,10
김광연,1991-11-13,2013,2
오승택,1991-11-18,2019,1
오태곤,1991-11-18,2011,10
이승현,1991-11-20,2015,8
나경민,1991-12-12,2016,4
최선호,1991-12-12,2015,3
정진철,1991-12-28,2016,1
강병의,1992-01-02,2015,1
김호은,1992-01-03,2020,3
문동욱,1992-01-07,2014,4
강민국,1992-01-10,2014,8
힐리,1992-01-10,2021,1
서균,1992-01-11,2017,5
안승한,1992-01-25,2019,2
이케빈,1992-02-13,2019,1
조성모,1992-02-14,2016,1
최영환,1992-02-20,2014,6
마차도,1992-02-22,2020,2
이성진,1992-02-23,2012,1
오윤석,1992-02-24,2015,6
박민호,1992-02-25,2014,8
김동준,1992-03-02,2014,4
김태훈,1992-03-02,2020,3
라이블리,1992-03-05,2019,3
문재현,1992-03-06,2015,1
문우람,1992-03-08,2012,4
박계현,1992-03-08,2014,2
오준혁,1992-03-11,2011,10
윤영수,1992-03-11,2015,1
최민구,1992-03-17,2015,1
박정준,1992-03-22,2016,5
이성곤,1992-03-25,2014,7
유재혁,1992-03-29,2013,1
김대륙,1992-04-03,2015,3
르위키,1992-04-08,2021,1
이정호,1992-04-11,2013,2
라모스,1992-04-15,2022,1
김지훈,1992-04-16,2014,1
김진영,1992-04-16,2017,5
왕웨이중,1992-04-25,2018,1
김호령,1992-04-30,2015,6
스파크맨,1992-05-11,2022,1
강로한,1992-05-13,2015,5
유창식,1992-05-15,2011,6
터너,1992-05-21,2019,1
이현석,1992-06-07,2015,6
박준표,1992-06-26,2013,9
문경찬,1992-07-08,2015,6
김승현,1992-07-09,2016,5
윤수호,1992-07-09,2017,2
윤영삼,1992-07-14,2014,4
이현호,1992-07-14,2011,8
양승철,1992-07-15,2019,2
유강남,1992-07-15,2011,10
송윤준,1992-07-16,2013,4
이종석,1992-07-21,2015,1
김민수,1992-07-24,2015,7
홍성갑,1992-08-02,2014,5
이우찬,1992-08-04,2016,6
김재유,1992-08-07,2015,6
정범수,1992-08-08,2011,1
이준영,1992-08-10,2016,5
주현상,1992-08-10,2021,2
강경학,1992-08-11,2011,9
양현,1992-08-23,2011,7
소크라테스,1992-09-06,2022,1
파슨스,1992-09-06,2021,2
수아레즈,1992-09-11,2021,1
최현진,1992-09-24,2011,1
홍건희,1992-09-29,2011,9
서진용,1992-10-02,2015,8
정진기,1992-10-10,2011,9
이호중,1992-10-13,2020,1
김도현,1992-10-23,2011,4
김명찬,1992-10-24,2015,4
전병우,1992-10-24,2018,5
박성민,1992-11-14,2016,1
권정웅,1992-11-15,2016,5
모리만도,1992-11-20,2022,1
임찬규,1992-11-20,2011,10
허일,1992-11-20,2011,4
최현정,1992-12-03,2014,1
박승욱,1992-12-04,2012,9
알칸타라,1992-12-04,2019,2
강동연,1992-12-18,2013,8
이창재,1992-12-29,2015,5
프랑코,1992-12-29,2021,1
한승혁,1993-01-03,2012,9
애플러,1993-01-05,2022,1
현기형,1993-01-13,2018,1
현도훈,1993-01-13,2021,1
홍성무,1993-01-25,2015,5
김규민,1993-01-26,2017,4
김도영,1993-01-26,2017,1
이태양,1993-01-28,2011,6
김영환,1993-01-31,2015,5
심창민,1993-02-01,2012,10
김주한,1993-02-03,2016,5
박민우,1993-02-06,2013,10
최우석,1993-02-06,2012,1
박종윤,1993-02-09,2012,4
이민우,1993-02-09,2017,6
구자욱,1993-02-12,2015,8
크론,1993-02-17,2022,1
멩덴,1993-02-19,2021,1
김수산,1993-03-07,2019,1
김은성,1993-03-07,2020,2
김재현,1993-03-18,2015,7
도태훈,1993-03-18,2016,6
이현동,1993-03-27,2017,2
가르시아,1993-03-28,2022,1
김윤동,1993-04-01,2013,5
변시원,1993-04-01,2020,2
변진수,1993-04-01,2012,5
조원빈,1993-04-10,2018,1
박헌욱,1993-04-11,2013,3
채상현,1993-04-14,2017,1
임기영,1993-04-16,2012,9
안권수,1993-04-19,2020,3
임서준,1993-04-19,2016,1
김성욱,1993-05-01,2013,8
이재율,1993-05-02,2016,5
김성민,1993-05-12,2019,1
김종덕,1993-05-12,2018,1
고봉재,1993-05-14,2016,3
윤정현,1993-05-17,2019,4
이준형,1993-06-03,2015,2
김원중,1993-06-14,2015,8
서예일,1993-06-19,2016,6
한현희,1993-06-25,2012,10
김태형,1993-07-07,2018,1
서덕원,1993-07-12,2020,2
김재영,1993-07-22,2016,5
허건엽,1993-07-24,2014,2
벤자민,1993-07-26,2022,1
이성규,1993-08-03,2016,5
정경운,1993-08-09,2017,2
이민호,1993-08-11,2013,7
박세웅,1993-08-12,2016,1
임대한,1993-08-13,2016,3
안주형,1993-08-14,2017,4
조수행,1993-08-30,2016,6
황윤호,1993-09-22,2015,7
장시윤,1993-09-23,2015,3
장진혁,1993-09-30,2018,4
노관현,1993-10-18,2017,1
강진성,1993-10-19,2013,7
김성훈,1993-10-27,2017,3
렉스,1993-11-12,2022,1
홍창기,1993-11-21,2016,6
라미레즈,1993-11-28,2022,1
김명신,1993-11-29,2017,4
이동원,1993-12-15,2020,1
김주현,1993-12-21,2016,3
김성재,1993-12-23,2016,1
최항,1994-01-03,2017,6
최민재,1994-01-08,2019,2
류지혁,1994-01-13,2012,9
핀토,1994-01-20,2020,1
러셀,1994-01-23,2020,1
신동훈,1994-01-24,2012,2
김인환,1994-01-28,2018,3
윤대영,1994-01-31,2018,1
윤형준,1994-01-31,2021,2
톰슨,1994-01-31,2019,1
강승호,1994-02-09,2016,6
김민준,1994-02-12,2015,4
박승주,1994-02-12,2017,4
심재민,1994-02-18,2015,6
장운호,1994-02-20,2013,8
엄태용,1994-02-24,2013,2
하주석,1994-02-25,2012,10
이형범,1994-02-27,2013,7
서동민,1994-03-07,2020,3
장승현,1994-03-07,2018,5
김성표,1994-03-17,2020,3
이재익,1994-03-18,2020,3
조현우,1994-03-30,2015,5
정준혁,1994-04-01,2019,1
천재환,1994-04-01,2022,1
조지훈,1994-04-06,2013,2
윤대경,1994-04-09,2020,3
지성준,1994-04-10,2015,5
지시완,1994-04-10,2021,2
강동호,1994-04-21,2017,3
김성민,1994-04-26,2017,5
파노니,1994-04-28,2022,1
김유영,1994-05-02,2014,6
로켓,1994-05-03,2021,1
송준석,1994-05-04,2018,5
한석현,1994-05-17,2020,3
루이즈,1994-05-22,2022,1
정현,1994-06-01,2013,7
김종수,1994-06-03,2018,5
박한길,1994-06-03,2015,2
브랜든,1994-06-03,2022,1
김정빈,1994-06-08,2017,4
박진형,1994-06-10,2015,7
한선태,1994-06-14,2019,2
이윤학,1994-06-18,2015,1
한승택,1994-06-21,2013,8
플렉센,1994-07-01,2020,1
다익손,1994-07-02,2019,1
김인태,1994-07-03,2016,7
유영준,1994-07-13,2017,3
윤형배,1994-07-15,2019,1
윤호솔,1994-07-15,2014,4
이우성,1994-07-17,2016,7
알포드,1994-07-20,2022,1
김준태,1994-07-31,2013,7
나원탁,1994-08-20,2021,2
손호영,1994-08-23,2020,3
조상우,1994-09-04,2013,8
박상원,1994-09-09,2017,5
이충호,1994-09-20,2017,4
이병규,1994-10-05,2022,1
박진태,1994-10-19,2017,4
크레익,1994-11-16,2021,1
배재준,1994-11-24,2018,4
이정훈,1994-12-07,2017,5
최원준,1994-12-21,2018,5
박한결,1994-12-24,2019,2
라모스,1994-12-28,2020,2
이승진,1995-01-07,2018,5
함덕주,1995-01-13,2013,10
이재근,1995-01-15,2017,1
박종기,1995-01-21,2015,3
최채흥,1995-01-22,2018,4
원혁재,1995-01-29,2022,1
문용익,1995-02-04,2021,2
노태형,1995-02-08,2020,2
이승민,1995-02-08,2020,1
이건욱,1995-02-13,2016,5
정기훈,1995-02-18,2020,1
박성모,1995-02-22,2018,1
배재환,1995-02-24,2015,6
장현식,1995-02-24,2013,9
한주성,1995-02-26,2018,1
김강현,1995-02-27,2020,1
차명진,1995-03-03,2019,3
구준범,1995-03-18,2021,1
전용훈,1995-03-20,2017,1
안상빈,1995-03-23,2015,2
안현준,1995-03-23,2020,1
이태훈,1995-04-03,2021,2
윤중현,1995-04-25,2021,2
배성근,1995-04-27,2019,4
심우준,1995-04-28,2015,8
류형우,1995-05-07,2019,1
하영민,1995-05-07,2014,6
김규남,1995-05-12,2021,2
이진석,1995-05-20,2015,2
백승현,1995-05-26,2021,2
김호재,1995-05-31,2018,5
주권,1995-05-31,2015,8
이호연,1995-06-03,2020,3
박찬호,1995-06-05,2014,7
배정대,1995-06-12,2015,7
류희운,1995-06-19,2016,6
정용준,1995-06-21,2016,1
정주후,1995-06-26,2016,3
조영우,1995-06-27,2014,5
채지선,1995-07-11,2020,3
김민우,1995-07-25,2015,8
김경호,1995-07-31,2019,2
임동휘,1995-08-22,2019,1
임지열,1995-08-22,2020,3
김기환,1995-08-25,2020,3
박광열,1995-08-28,2015,4
박대온,1995-08-28,2021,2
안중열,1995-09-01,2015,6
채기영,1995-09-01,2015,1
임지섭,1995-09-06,2014,4
이수민,1995-09-11,2014,3
강정현,1995-09-23,2019,1
임병욱,1995-09-30,2015,6
김동우,1995-10-01,2021,1
반즈,1995-10-01,2022,1
김범수,1995-10-03,2015,8
김태진,1995-10-07,2015,7
김하성,1995-10-17,2014,7
정성종,1995-11-16,2018,4
김윤환,1995-11-20,2016,1
김민혁,1995-11-21,2015,6
장준원,1995-11-21,2015,6
채현우,1995-11-21,2019,2
이상동,1995-11-24,2019,3
박세웅,1995-11-30,2015,8
안규현,1995-11-30,2017,1
유서준,1995-12-04,2015,4
박재욱,1995-12-06,2016,3
피터스,1995-12-12,2022,1
이승헌,1995-12-20,2020,2
황영국,1995-12-26,2014,4
김재열,1996-01-02,2020,3
신용수,1996-01-05,2019,4
로니,1996-01-06,2022,1
박계범,1996-01-11,2015,6
신민재,1996-01-21,2019,4
박정수,1996-01-29,2015,6
신병률,1996-01-30,2018,1
김웅빈,1996-02-09,2016,6
황대인,1996-02-10,2015,6
안익훈,1996-02-12,2015,6
김민기,1996-02-14,2022,1
김성훈,1996-02-25,2020,1
김주형,1996-03-05,2019,4
홍정우,1996-03-16,2019,4
박정우,1996-03-21,2022,1
박윤철,1996-03-23,2019,2
박성준,1996-03-27,2015,2
김태훈,1996-03-31,2015,4
남경호,1996-04-07,2015,1
이우석,1996-04-16,2018,4
최민창,1996-04-16,2017,3
김만수,1996-04-18,2016,2
전상현,1996-04-18,2016,6
김민혁,1996-05-03,2017,4
류재인,1996-05-06,2017,2
박세웅,1996-05-10,2021,2
이석훈,1996-05-14,2019,1
한승혁,1996-05-20,2020,2
김정인,1996-06-03,2015,6
김민수,1996-06-11,2022,1
최경모,1996-06-17,2019,2
박주현,1996-06-19,2016,2
봉민호,1996-06-26,2018,1
최승민,1996-07-01,2019,3
정성곤,1996-07-10,2015,6
김건형,1996-07-12,2021,1
류효승,1996-07-16,2020,1
이동훈,1996-07-24,2016,6
이시원,1996-07-24,2022,1
김태근,1996-08-10,2019,2
황경태,1996-08-17,2017,3
차재용,1996-08-20,2015,5
송성문,1996-08-29,2015,6
남재현,1996-09-13,2017,3
남하준,1996-09-13,2022,1
김홍빈,1996-09-16,2017,1
배제성,1996-09-29,2017,6
엄상백,1996-10-04,2015,7
이도윤,1996-10-07,2018,4
김택형,1996-10-10,2015,7
류진욱,1996-10-10,2020,3
서호철,1996-10-16,2020,2
이상규,1996-10-20,2019,3
최정용,1996-10-24,2016,6
김지수,1996-10-29,2016,3
김재성,1996-10-30,2015,4
강동관,1996-11-01,2016,2
강태율,1996-11-01,2020,3
김주온,1996-12-08,2020,3
김해수,1996-12-13,2017,1
오선우,1996-12-13,2019,3
김동진,1996-12-18,2022,1
조한욱,1996-12-19,2016,2
송우현,1996-12-27,2020,2
최원태,1997-01-07,2016,7
구본혁,1997-01-11,2019,3
한두솔,1997-01-15,2022,1
다카하시,1997-01-23,2021,1
안상현,1997-01-27,2018,4
구창모,1997-02-17,2016,6
문성주,1997-02-20,2018,3
박상언,1997-03-03,2017,5
유재유,1997-03-03,2016,4
최충연,1997-03-05,2016,5
김규성,1997-03-08,2020,3
김대현,1997-03-08,2016,6
김찬호,1997-03-10,2017,2
정동현,1997-03-20,2016,2
최원준,1997-03-23,2016,6
박관진,1997-03-26,2020,2
이정용,1997-03-26,2020,3
장지훈,1997-03-31,2017,4
강재민,1997-04-03,2020,3
변상권,1997-04-04,2020,2
장웅정,1997-04-11,2020,2
최우재,1997-04-11,2021,1
양선률,1997-04-15,2020,2
최성영,1997-04-28,2016,5
강상원,1997-05-05,2017,4
김동욱,1997-05-16,2021,1
한승지,1997-05-19,2020,1
양찬열,1997-05-25,2020,2
이종혁,1997-05-29,2017,3
김현준,1997-06-05,2020,3
김태연,1997-06-10,2017,5
이거연,1997-06-15,2020,1
송후섭,1997-06-18,2022,1
박세진,1997-06-27,2016,4
류승현,1997-07-01,2018,3
박선우,1997-07-12,2021,1
홍성호,1997-07-15,2022,1
이진영,1997-07-21,2016,6
최지훈,1997-07-23,2020,3
김태오,1997-07-29,2018,3
박준영,1997-08-05,2016,4
황선도,1997-08-28,2016,1
홍현빈,1997-08-29,2017,5
서의태,1997-09-05,2018,1
김기연,1997-09-07,2018,2
임석진,1997-10-10,2016,2
정동윤,1997-10-22,2017,3
천성호,1997-10-30,2020,2
이영하,1997-11-01,2017,6
주효상,1997-11-11,2016,5
박웅,1997-11-12,2021,2
김성진,1997-11-14,2021,2
이정현,1997-12-05,2019,3
권광민,1997-12-12,2022,1
유재훈,1997-12-18,2016,1
황성빈,1997-12-19,2022,1
성재헌,1997-12-22,2020,1
김찬형,1997-12-29,2017,5
신범수,1998-01-25,2018,3
김주성,1998-01-30,2017,2
문상인,1998-01-31,2020,2
박정우,1998-02-01,2021,2
김성훈,1998-02-04,2018,2
유승철,1998-03-02,2018,3
박치국,1998-03-10,2017,6
최지광,1998-03-13,2017,5
나균안,1998-03-16,2021,2
나종덕,1998-03-16,2017,3
배동현,1998-03-16,2021,1
김민수,1998-03-18,2017,5
김수환,1998-03-20,2020,3
김태현,1998-03-21,2020,2
박성한,1998-03-30,2017,5
강찬영,1998-04-07,2019,1
이정범,1998-04-10,2021,2
오석주,1998-04-14,2019,3
전진영,1998-04-30,2022,1
안치영,1998-05-29,2017,2
박건우,1998-06-03,2021,1
김진호,1998-06-07,2020,3
조병욱,1998-06-08,2020,1
전준호,1998-07-01,2019,1
이원준,1998-07-02,2018,3
장지승,1998-07-04,2021,1
김도규,1998-07-11,2021,2
김민수,1998-07-16,2021,1
김수윤,1998-07-16,2022,1
노시훈,1998-08-04,2021,1
이병휘,1998-08-05,2018,2
이유찬,1998-08-05,2019,3
고우석,1998-08-06,2017,6
이찬혁,1998-08-19,2020,2
이정후,1998-08-20,2017,6
문대원,1998-08-22,2020,2
김진수,1998-08-31,2021,1
김태형,1998-09-07,2018,1
권동진,1998-09-12,2021,2
김태형,1998-09-17,2021,1
이주찬,1998-09-21,2021,1
김시현,1998-09-26,2017,3
김기탁,1998-09-30,2020,2
최종은,1998-10-12,2021,1
최보성,1998-10-16,2021,1
김재웅,1998-10-22,2020,3
이채호,1998-11-23,2021,2
한차현,1998-11-30,2021,1
손주영,1998-12-02,2017,4
장지훈,1998-12-06,2021,2
김승범,1998-12-07,2019,2
배창현,1998-12-09,2020,1
오윤성,1998-12-10,2017,1
양기현,1998-12-16,2019,2
이재홍,1998-12-17,2022,1
이승헌,1998-12-19,2019,4
박유연,1998-12-20,2017,3
조민석,1998-12-21,2022,1
이인혁,1999-01-03,2018,2
김영준,1999-01-12,2018,2
김재균,1999-01-17,2018,1
석정우,1999-01-20,2022,1
김혜성,1999-01-27,2017,6
김성윤,1999-02-02,2017,5
신민혁,1999-02-04,2020,3
조영건,1999-02-04,2019,3
이승호,1999-02-08,2018,5
소이현,1999-02-09,2019,3
허관회,1999-02-12,2020,3
한준수,1999-02-13,2019,1
권민석,1999-02-20,2020,3
송찬의,1999-02-20,2022,1
추재현,1999-02-22,2019,4
김시훈,1999-02-24,2022,1
윤성빈,1999-02-26,2018,3
김석환,1999-02-28,2018,3
이재용,1999-02-28,2022,1
예진원,1999-03-16,2018,4
전경원,1999-03-18,2022,1
조성훈,1999-03-22,2018,1
최준우,1999-03-25,2019,3
최하늘,1999-03-26,2019,2
오정환,1999-03-27,2019,2
정철원,1999-03-27,2022,1
이원석,1999-03-31,2019,3
박진,1999-04-02,2019,1
최건,1999-04-10,2018,3
김민,1999-04-14,2018,4
고명성,1999-04-16,2018,4
김민규,1999-05-07,2018,4
김정우,1999-05-15,2019,1
윤산흠,1999-05-15,2021,2
성동현,1999-05-18,2018,1
박동수,1999-05-24,2022,1
곽빈,1999-05-28,2018,3
한동희,1999-06-01,2018,5
최민준,1999-06-11,2018,3
김유신,1999-06-14,2018,3
윤정빈,1999-06-24,2022,1
전민재,1999-06-30,2018,4
이지강,1999-07-02,2022,1
허준혁,1999-07-02,2022,1
전사민,1999-07-06,2019,2
박신지,1999-07-16,2018,4
이재원,1999-07-17,2020,3
김용하,1999-07-27,2018,1
강백호,1999-07-29,2018,5
조대현,1999-08-06,2022,1
정우영,1999-08-19,2019,4
박주홍,1999-08-20,2018,4
최상민,1999-08-20,2022,1
박준혁,1999-08-30,2020,1
안우진,1999-08-30,2018,5
정보근,1999-08-31,2019,4
하준영,1999-09-06,2018,3
장두성,1999-09-16,2021,2
양창섭,1999-09-22,2018,4
공민규,1999-09-27,2019,2
양승혁,1999-09-29,2022,1
이병헌,1999-10-26,2022,1
김형준,1999-11-02,2018,3
배민서,1999-11-18,2019,3
이승관,1999-12-01,2021,2
김윤수,1999-12-08,2019,4
김재혁,1999-12-26,2022,1
이재민,1999-12-27,2022,1
김기훈,2000-01-03,2019,3
이명기,2000-01-03,2021,2
조요한,2000-01-06,2021,2
김인범,2000-01-12,2021,1
김진욱,2000-01-13,2018,3
정은원,2000-01-17,2018,5
오영수,2000-01-30,2018,3
주승우,2000-01-30,2022,1
최인호,2000-01-30,2020,2
김영규,2000-02-10,2019,4
전용주,2000-02-12,2019,1
정우준,2000-03-17,2021,1
변우혁,2000-03-18,2019,2
김윤식,2000-04-03,2020,3
원태인,2000-04-06,2019,4
박민석,2000-04-13,2019,1
양우현,2000-04-13,2019,2
김도환,2000-04-14,2019,3
홍종표,2000-05-02,2020,1
하준수,2000-05-07,2022,1
유상빈,2000-05-09,2022,1
장지수,2000-05-25,2019,3
이교훈,2000-05-29,2020,2
유로결,2000-05-30,2022,1
유장혁,2000-05-30,2019,3
전창민,2000-06-09,2022,1
김창평,2000-06-14,2019,3
정구범,2000-06-16,2022,1
최정원,2000-06-24,2020,2
김현수,2000-07-10,2019,4
문보경,2000-07-19,2021,2
남호,2000-07-20,2020,2
이해승,2000-08-01,2022,1
송명기,2000-08-09,2019,4
고승민,2000-08-11,2019,2
이승민,2000-08-26,2020,3
박승규,2000-09-02,2019,4
박지훈,2000-09-07,2020,2
김도현,2000-09-15,2022,1
김이환,2000-09-15,2019,3
이선우,2000-09-19,2019,2
이승재,2000-10-04,2021,2
조한민,2000-10-20,2020,2
송승환,2000-10-28,2019,2
백승건,2000-10-29,2019,2
서준원,2000-11-05,2019,4
박주성,2000-11-09,2019,4
임준형,2000-11-16,2021,2
전의산,2000-11-25,2022,1
노시환,2000-12-03,2019,4
이상영,2000-12-03,2019,2
김대한,2000-12-06,2019,2
권휘,2000-12-07,2020,3
김선우,2001-01-18,2022,1
김한별,2001-01-18,2022,1
손동현,2001-01-23,2019,2
오동욱,2001-02-01,2020,2
남지민,2001-02-12,2021,2
조제영,2001-02-12,2020,2
김병휘,2001-02-16,2020,2
안인산,2001-02-27,2020,2
김지찬,2001-03-08,2020,3
문상준,2001-03-14,2022,1
한승주,2001-03-17,2020,2
이주엽,2001-03-26,2020,1
홍원표,2001-03-27,2020,1
이주형,2001-04-02,2021,1
김태경,2001-04-07,2020,3
강현우,2001-04-13,2020,1
박주홍,2001-04-16,2020,3
오원석,2001-04-23,2020,3
김성민,2001-04-30,2020,1
박시후,2001-05-10,2022,1
최승용,2001-05-11,2021,2
박주혁,2001-05-18,2022,1
박시원,2001-05-30,2020,2
최세창,2001-06-01,2020,2
이종민,2001-06-04,2021,1
박민,2001-06-05,2020,3
신지후,2001-06-12,2021,1
박명현,2001-06-16,2020,1
허윤동,2001-06-19,2020,3
신준우,2001-06-21,2021,2
현원회,2001-07-08,2020,1
홍민기,2001-07-20,2021,1
최지강,2001-07-23,2022,1
강태경,2001-07-26,2021,1
박정현,2001-07-27,2020,3
장재혁,2001-08-02,2022,1
정해영,2001-08-23,2020,3
박재민,2001-08-27,2021,1
이민호,2001-08-30,2020,3
오명진,2001-09-04,2020,2
임형원,2001-09-15,2020,1
소형준,2001-09-16,2020,3
임종찬,2001-09-28,2020,3
최준용,2001-10-10,2020,3
이재희,2001-10-11,2021,1
김시앙,2001-10-31,2022,1
황동재,2001-11-03,2020,2
김창훈,2001-11-09,2021,2
한재승,2001-11-21,2022,1
이강준,2001-12-14,2020,3
최용준,2001-12-19,2021,1
김동혁,2001-12-27,2020,3
장민기,2001-12-30,2021,1
김휘집,2002-01-01,2021,2
손성빈,2002-01-14,2021,1
권혁경,2002-01-23,2021,2
김동주,2002-02-14,2022,1
나승엽,2002-02-15,2021,1
안재석,2002-02-15,2021,2
지명성,2002-02-15,2021,2
송호정,2002-03-10,2021,1
조형우,2002-04-04,2022,1
송승기,2002-04-10,2022,1
전영준,2002-04-16,2022,1
오태양,2002-04-25,2021,2
이용준,2002-05-08,2021,2
조병현,2002-05-08,2021,1
장재영,2002-05-10,2021,2
이승현,2002-05-19,2021,2
오장한,2002-05-20,2021,1
강현구,2002-06-16,2022,1
이의리,2002-06-16,2021,2
이영빈,2002-06-17,2021,2
송재영,2002-06-20,2021,1
김도윤,2002-06-28,2021,1
장규현,2002-06-28,2021,1
김진욱,2002-07-05,2021,2
이주형,2002-07-05,2021,2
고명준,2002-07-08,2021,1
김건우,2002-07-12,2021,2
김준형,2002-07-12,2021,2
신헌민,2002-07-19,2022,1
김주원,2002-07-30,2021,2
유준규,2002-08-16,2022,1
김규연,2002-08-23,2022,1
김현준,2002-10-11,2021,2
강효종,2002-10-14,2022,1
김기중,2002-11-16,2021,2
이명종,2002-12-05,2022,1
정민규,2003-01-10,2021,2
이재현,2003-02-04,2022,1
박준영,2003-03-02,2022,1
박찬혁,2003-04-25,2022,1
송정인,2003-05-05,2022,1
조원태,2003-05-10,2022,1
이병헌,2003-06-04,2022,1
김세민,2003-06-14,2022,1
노운현,2003-06-22,2022,1
허인서,2003-07-11,2022,1
김영웅,2003-08-24,2022,1
김주완,2003-08-27,2022,1
김서준,2003-09-01,2022,1
진승현,2003-09-05,2022,1
최지민,2003-09-10,2022,1
한태양,2003-09-15,2022,1
윤동희,2003-09-18,2022,1
김도영,2003-10-02,2022,1
조민성,2003-10-02,2022,1
윤태현,2003-10-10,2022,1
박영현,2003-10-11,2022,1
이상우,2003-10-14,2022,1
조세진,2003-11-21,2022,1
이민석,2003-12-10,2022,1
문동주,2003-12-23,2022,1
